Variable,Importancia
THD_Voltaje_A,0.717376263062732
THD_Voltaje_Promedio,0.7159591765711277
THD_Voltaje_C,0.7101896288266941
THD_Voltaje_B,0.6651710478947399
Potencia_B,0.5177999680257708
Potencia_A,0.517433146873841
Potencia_C,0.5165816141592275
THD_Corriente_A,0.42267595159958177
THD_Corriente_B,0.413272686106957
THD_Corriente_C,0.41116272959990324
THD,0.24665875549816454
