{
  "varianza_explicada": [
    0.6666493958640377,
    0.29351375934711066,
    0.025404308323556037,
    0.010604863386376742,
    0.0023881525289533886,
    0.0009859464183747508,
    0.0004388905609832019,
    1.0554925914250588e-05,
    3.80057353811787e-06,
    3.280711551299228e-07,
    1.5396426077015417e-17
  ],
  "varianza_acumulada": [
    0.6666493958640377,
    0.9601631552111484,
    0.9855674635347044,
    0.9961723269210812,
    0.9985604794500346,
    0.9995464258684094,
    0.9999853164293926,
    0.9999958713553069,
    0.999999671928845,
    1.0,
    1.0
  ],
  "loadings": [
    [
      0.35197439508700196,
      0.14196966242232492,
      -0.27169485639466845
    ],
    [
      0.3492400625066767,
      0.148717594862755,
      -0.3225013151137939
    ],
    [
      0.3510308447087456,
      0.12857471533470557,
      -0.3545160603891345
    ],
    [
      -0.2173576754570905,
      0.44376991019145473,
      0.050765335112746016
    ],
    [
      -0.18179720552235018,
      0.4633214929408492,
      0.09253793703376753
    ],
    [
      -0.2077299289406286,
      0.4600325474034055,
      0.029984933834609116
    ],
    [
      -0.20633188377665118,
      0.44087210305111846,
      -0.058939615682524794
    ],
    [
      0.3155034954641514,
      0.27266091155498323,
      -0.3272055025363688
    ],
    [
      0.34862699803481506,
      0.12852181211170347,
      0.4436848419175281
    ],
    [
      0.34891183895642613,
      0.12795158505712925,
      0.43917747052317774
    ],
    [
      0.3494007535443648,
      0.12793006909235263,
      0.4291657903872125
    ]
  ],
  "n_componentes_95_varianza": 2,
  "variables_modelo": [
    "THD_Corriente_A",
    "THD_Corriente_B",
    "THD_Corriente_C",
    "THD_Voltaje_A",
    "THD_Voltaje_B",
    "THD_Voltaje_Promedio",
    "THD_Voltaje_C",
    "THD",
    "Potencia_A",
    "Potencia_B",
    "Potencia_C"
  ]
}